"STREAM_ID","n.trend","n.ltgme","n.gm","ANALYSE"
1,0,0,0,"N"
2,0,0,0,"N"
3,0,0,0,"N"
4,0,0,0,"N"
7,0,0,0,"N"
8,0,0,0,"N"
9,0,0,0,"N"
10,0,0,0,"N"
12,0,0,0,"N"
13,2,2,1,"Y"
14,0,0,0,"N"
15,0,0,0,"N"
16,0,1,0,"Y"
17,0,0,0,"N"
18,0,0,0,"N"
19,0,0,0,"N"
20,0,1,0,"Y"
21,0,1,0,"Y"
24,0,0,0,"N"
26,0,0,0,"N"
27,0,1,0,"Y"
28,0,0,0,"N"
29,0,0,0,"N"
30,0,0,0,"N"
31,0,0,0,"N"
33,0,1,0,"Y"
34,0,0,0,"N"
36,0,1,0,"Y"
37,0,0,0,"N"
38,0,0,0,"N"
40,0,0,0,"N"
42,0,0,0,"N"
43,0,1,0,"Y"
44,0,0,0,"N"
45,0,0,0,"N"
46,0,0,0,"N"
47,0,0,0,"N"
48,0,0,0,"N"
49,0,0,0,"N"
50,0,0,0,"N"
51,0,0,0,"N"
52,0,0,0,"N"
53,0,1,0,"Y"
54,0,0,0,"N"
55,0,0,0,"N"
56,0,0,0,"N"
57,0,0,0,"N"
58,0,0,0,"N"
59,0,0,0,"N"
60,0,1,0,"Y"
61,0,0,0,"N"
62,1,1,1,"Y"
63,1,0,0,"Y"
64,0,0,0,"N"
65,0,0,0,"N"
66,0,1,0,"Y"
67,0,1,0,"Y"
68,0,0,0,"N"
69,0,1,0,"Y"
70,0,0,0,"N"
71,0,0,0,"N"
72,0,0,0,"N"
73,0,0,0,"N"
74,0,0,0,"N"
75,0,0,0,"N"
76,0,0,0,"N"
77,0,0,0,"N"
78,0,0,0,"N"
79,0,0,0,"N"
80,0,0,0,"N"
81,0,0,0,"N"
82,0,0,0,"N"
83,0,0,0,"N"
84,0,0,0,"N"
85,0,0,0,"N"
86,0,0,0,"N"
87,0,0,0,"N"
89,0,0,0,"N"
90,0,0,0,"N"
91,0,0,0,"N"
92,0,0,0,"N"
93,0,0,0,"N"
94,0,0,0,"N"
95,0,0,0,"N"
98,0,0,0,"N"
99,0,0,0,"N"
100,0,0,0,"N"
101,0,0,0,"N"
102,0,0,0,"N"
103,0,0,0,"N"
104,1,1,1,"Y"
105,0,1,0,"Y"
106,0,0,0,"N"
107,0,0,0,"N"
108,0,0,0,"N"
109,0,0,0,"N"
110,1,1,0,"Y"
111,0,1,0,"Y"
112,0,0,0,"N"
113,0,1,0,"Y"
114,0,0,0,"N"
115,0,0,0,"N"
116,0,0,0,"N"
117,0,0,0,"N"
118,0,0,0,"N"
119,0,0,0,"N"
120,0,0,0,"N"
122,0,0,0,"N"
123,0,0,0,"N"
124,0,0,0,"N"
125,3,2,2,"Y"
126,0,0,0,"N"
127,0,0,0,"N"
128,0,0,0,"N"
129,3,3,3,"Y"
131,0,0,0,"N"
132,2,2,1,"Y"
133,1,2,0,"Y"
134,0,0,0,"N"
138,0,0,0,"N"
140,0,0,0,"N"
141,0,0,0,"N"
142,1,0,0,"Y"
143,0,0,0,"N"
144,1,0,0,"Y"
145,0,0,0,"N"
146,0,0,0,"N"
147,1,1,1,"Y"
148,1,0,1,"Y"
149,0,0,0,"N"
150,1,1,1,"Y"
151,0,0,0,"N"
152,0,0,0,"N"
153,1,0,1,"Y"
154,1,1,1,"Y"
155,0,0,0,"N"
156,0,0,0,"N"
157,2,2,2,"Y"
158,1,0,1,"Y"
159,1,0,1,"Y"
160,1,0,1,"Y"
161,0,0,0,"N"
162,1,1,1,"Y"
163,0,0,0,"N"
164,1,1,1,"Y"
165,1,1,1,"Y"
166,0,0,0,"N"
167,0,0,0,"N"
168,0,0,0,"N"
169,1,1,1,"Y"
170,1,1,1,"Y"
171,1,0,0,"Y"
172,1,1,1,"Y"
173,1,1,1,"Y"
174,1,1,1,"Y"
175,1,1,1,"Y"
176,1,1,1,"Y"
177,0,0,0,"N"
178,0,0,0,"N"
179,2,2,2,"Y"
180,1,1,0,"Y"
181,0,0,0,"N"
182,0,0,0,"N"
183,1,1,1,"Y"
184,0,0,0,"N"
185,0,0,0,"N"
186,0,0,0,"N"
187,0,0,0,"N"
188,0,0,0,"N"
189,0,0,0,"N"
190,1,0,0,"Y"
191,0,0,0,"N"
192,2,2,1,"Y"
193,0,0,0,"N"
194,1,0,0,"Y"
195,1,1,0,"Y"
196,0,0,0,"N"
197,2,1,1,"Y"
198,2,2,2,"Y"
199,0,0,0,"N"
200,0,0,0,"N"
201,1,1,0,"Y"
202,0,0,0,"N"
203,0,0,0,"N"
204,0,0,0,"N"
205,0,0,0,"N"
206,0,0,0,"N"
207,0,0,0,"N"
208,0,0,0,"N"
209,1,1,1,"Y"
210,1,1,1,"Y"
211,1,1,0,"Y"
212,0,0,0,"N"
213,1,1,1,"Y"
214,2,2,2,"Y"
215,2,2,2,"Y"
216,2,1,2,"Y"
217,2,2,2,"Y"
218,2,2,2,"Y"
219,2,2,2,"Y"
220,3,2,2,"Y"
221,2,2,2,"Y"
222,2,2,2,"Y"
223,2,3,1,"Y"
224,1,1,1,"Y"
225,3,3,3,"Y"
226,2,1,1,"Y"
227,0,0,0,"N"
228,2,0,0,"Y"
229,3,3,2,"Y"
230,3,2,2,"Y"
231,2,2,2,"Y"
232,4,4,4,"Y"
233,1,0,1,"Y"
234,1,1,1,"Y"
235,0,0,0,"N"
236,2,1,1,"Y"
237,3,3,3,"Y"
238,0,0,0,"N"
239,2,1,1,"Y"
240,2,3,2,"Y"
241,3,3,3,"Y"
242,0,0,0,"N"
243,0,0,0,"N"
244,0,0,0,"N"
245,0,0,0,"N"
246,0,0,0,"N"
247,0,0,0,"N"
248,1,0,0,"Y"
249,3,1,2,"Y"
250,1,0,0,"Y"
251,0,0,0,"N"
252,3,2,2,"Y"
253,2,1,1,"Y"
254,2,1,2,"Y"
255,2,1,2,"Y"
256,1,2,1,"Y"
257,2,2,2,"Y"
258,3,3,3,"Y"
259,1,1,1,"Y"
260,1,1,1,"Y"
262,3,2,2,"Y"
263,1,1,1,"Y"
264,0,0,0,"N"
265,3,2,2,"Y"
266,2,1,1,"Y"
267,0,0,0,"N"
268,1,1,1,"Y"
269,3,3,3,"Y"
271,1,1,1,"Y"
272,0,0,0,"N"
273,1,1,1,"Y"
274,1,1,1,"Y"
275,1,1,1,"Y"
276,0,0,0,"N"
277,1,1,1,"Y"
278,1,1,1,"Y"
279,2,2,2,"Y"
280,0,0,0,"N"
281,1,2,2,"Y"
282,1,1,1,"Y"
283,1,1,1,"Y"
284,1,1,1,"Y"
285,0,0,0,"N"
286,3,2,2,"Y"
287,1,1,1,"Y"
288,1,1,1,"Y"
289,2,1,1,"Y"
290,2,1,1,"Y"
291,3,2,2,"Y"
292,1,1,1,"Y"
293,2,1,1,"Y"
294,1,1,1,"Y"
295,2,1,2,"Y"
296,1,1,1,"Y"
297,2,2,1,"Y"
298,1,1,0,"Y"
299,1,1,1,"Y"
300,0,0,0,"N"
301,1,1,0,"Y"
302,0,0,0,"N"
303,1,1,1,"Y"
304,0,0,0,"N"
305,0,0,0,"N"
306,0,0,0,"N"
307,0,0,0,"N"
308,2,2,1,"Y"
309,1,1,1,"Y"
310,2,1,2,"Y"
311,0,0,0,"N"
312,2,2,1,"Y"
313,1,1,1,"Y"
314,1,1,1,"Y"
315,1,1,1,"Y"
316,3,2,2,"Y"
317,1,1,1,"Y"
318,1,1,1,"Y"
319,1,1,1,"Y"
320,1,1,1,"Y"
321,0,0,0,"N"
322,1,1,1,"Y"
323,1,1,1,"Y"
324,1,1,1,"Y"
325,1,1,1,"Y"
326,1,1,1,"Y"
327,1,0,1,"Y"
328,1,1,1,"Y"
329,1,1,1,"Y"
330,1,1,1,"Y"
331,1,1,1,"Y"
332,1,1,1,"Y"
333,1,1,1,"Y"
334,1,1,1,"Y"
335,1,1,1,"Y"
336,1,1,1,"Y"
337,1,1,1,"Y"
338,1,1,1,"Y"
339,1,1,1,"Y"
340,1,1,1,"Y"
341,0,1,0,"Y"
342,1,1,1,"Y"
343,0,0,0,"N"
344,1,1,1,"Y"
345,1,1,1,"Y"
346,1,1,1,"Y"
347,1,1,1,"Y"
348,1,0,1,"Y"
349,0,0,0,"N"
350,1,0,0,"Y"
351,0,0,0,"N"
357,0,0,0,"N"
358,0,0,0,"N"
359,0,0,0,"N"
361,0,0,0,"N"
363,0,0,0,"N"
364,0,0,0,"N"
365,0,0,0,"N"
366,0,0,0,"N"
367,0,0,0,"N"
368,0,0,0,"N"
369,0,0,0,"N"
370,0,0,0,"N"
372,0,0,0,"N"
373,0,0,0,"N"
376,0,0,0,"N"
377,0,0,0,"N"
379,0,0,0,"N"
381,0,0,0,"N"
386,0,0,0,"N"
390,0,0,0,"N"
398,0,0,0,"N"
403,0,0,0,"N"
406,0,0,0,"N"
408,0,0,0,"N"
410,0,0,0,"N"
412,0,0,0,"N"
413,0,0,0,"N"
414,0,0,0,"N"
425,0,0,0,"N"
429,1,0,0,"Y"
435,0,0,0,"N"
439,0,0,0,"N"
442,0,0,0,"N"
443,0,0,0,"N"
444,0,0,0,"N"
445,0,0,0,"N"
446,0,0,0,"N"
447,1,3,2,"Y"
448,0,0,0,"N"
449,0,0,0,"N"
450,0,0,0,"N"
451,0,0,0,"N"
452,0,0,0,"N"
453,0,0,0,"N"
454,0,0,0,"N"
455,0,0,0,"N"
456,0,2,0,"Y"
457,0,0,0,"N"
458,0,0,0,"N"
459,1,5,1,"Y"
460,1,2,1,"Y"
461,1,1,1,"Y"
462,0,0,0,"N"
463,0,0,0,"N"
464,0,0,0,"N"
465,0,0,0,"N"
466,0,0,0,"N"
467,1,1,1,"Y"
468,1,3,0,"Y"
469,1,1,1,"Y"
470,0,0,0,"N"
471,0,0,0,"N"
472,0,0,0,"N"
473,1,1,1,"Y"
474,0,1,0,"Y"
475,0,0,0,"N"
476,0,0,0,"N"
477,2,2,0,"Y"
478,1,3,1,"Y"
479,0,0,0,"N"
480,0,0,0,"N"
481,0,0,0,"N"
482,0,0,0,"N"
483,0,0,0,"N"
484,0,0,0,"N"
486,0,0,0,"N"
488,6,6,4,"Y"
489,0,0,0,"N"
490,0,0,0,"N"
491,0,0,0,"N"
492,0,0,0,"N"
493,0,0,0,"N"
494,0,0,0,"N"
495,0,0,0,"N"
496,0,0,0,"N"
497,0,0,0,"N"
498,0,0,0,"N"
499,2,0,0,"Y"
501,0,0,0,"N"
503,0,0,0,"N"
504,1,1,1,"Y"
505,2,3,2,"Y"
506,0,0,0,"N"
507,0,0,0,"N"
508,0,0,0,"N"
509,0,0,0,"N"
510,0,1,0,"Y"
511,1,2,2,"Y"
512,0,0,0,"N"
513,0,0,0,"N"
514,0,0,0,"N"
515,0,0,0,"N"
516,0,0,0,"N"
517,1,1,1,"Y"
518,0,0,0,"N"
519,1,1,1,"Y"
520,0,0,0,"N"
521,1,1,1,"Y"
522,0,1,1,"Y"
523,0,0,0,"N"
524,0,0,0,"N"
525,0,0,0,"N"
526,0,0,0,"N"
527,0,0,0,"N"
528,0,0,0,"N"
529,0,0,0,"N"
530,0,0,0,"N"
531,0,0,0,"N"
532,0,0,0,"N"
533,0,0,0,"N"
534,2,2,0,"Y"
535,0,0,0,"N"
536,0,0,0,"N"
537,0,0,0,"N"
538,0,0,0,"N"
539,0,0,0,"N"
540,0,0,0,"N"
541,0,0,0,"N"
542,0,0,0,"N"
543,0,0,0,"N"
544,0,0,0,"N"
545,0,0,0,"N"
546,0,0,0,"N"
547,0,0,0,"N"
549,0,0,0,"N"
550,1,1,1,"Y"
551,0,0,0,"N"
552,0,0,0,"N"
553,0,0,0,"N"
554,0,0,0,"N"
555,1,1,1,"Y"
556,1,1,1,"Y"
557,0,0,0,"N"
558,0,0,0,"N"
559,0,0,0,"N"
560,0,1,0,"Y"
561,2,2,2,"Y"
563,0,0,0,"N"
564,0,0,0,"N"
565,0,0,0,"N"
566,0,0,0,"N"
567,0,0,0,"N"
568,0,0,0,"N"
569,0,0,0,"N"
570,0,0,0,"N"
571,0,1,0,"Y"
572,1,1,0,"Y"
573,0,0,0,"N"
574,0,0,0,"N"
576,0,0,0,"N"
577,0,0,0,"N"
578,0,0,0,"N"
579,0,0,0,"N"
580,0,0,0,"N"
581,1,1,0,"Y"
582,0,0,0,"N"
583,0,0,0,"N"
584,0,0,0,"N"
585,0,0,0,"N"
586,1,1,1,"Y"
587,0,1,0,"Y"
589,0,0,0,"N"
590,0,0,0,"N"
591,0,0,0,"N"
592,1,2,1,"Y"
593,2,2,2,"Y"
594,0,0,0,"N"
595,0,0,0,"N"
596,1,1,1,"Y"
597,1,1,1,"Y"
598,1,1,1,"Y"
599,1,1,1,"Y"
600,0,0,0,"N"
601,1,1,1,"Y"
603,0,0,0,"N"
604,0,0,0,"N"
606,1,1,1,"Y"
607,0,0,0,"N"
608,1,1,1,"Y"
609,0,0,0,"N"
610,1,1,1,"Y"
611,1,1,1,"Y"
612,1,1,1,"Y"
613,0,0,0,"N"
615,0,1,0,"Y"
616,1,1,1,"Y"
617,0,0,0,"N"
618,0,0,0,"N"
619,0,1,0,"Y"
620,0,0,0,"N"
621,2,2,1,"Y"
622,0,0,0,"N"
623,0,0,0,"N"
624,1,1,1,"Y"
625,2,1,0,"Y"
626,0,0,0,"N"
627,0,0,0,"N"
628,0,0,0,"N"
629,0,0,0,"N"
630,0,0,0,"N"
631,0,0,0,"N"
632,0,0,0,"N"
633,0,0,0,"N"
634,0,0,0,"N"
635,0,1,0,"Y"
636,0,0,0,"N"
637,0,0,0,"N"
638,1,1,0,"Y"
639,0,0,0,"N"
640,0,0,0,"N"
641,0,0,0,"N"
642,0,1,0,"Y"
643,1,1,0,"Y"
644,0,0,0,"N"
645,0,0,0,"N"
646,0,0,0,"N"
647,1,2,1,"Y"
648,0,0,0,"N"
649,0,0,0,"N"
650,0,0,0,"N"
651,0,4,0,"Y"
652,0,0,0,"N"
653,1,1,0,"Y"
654,0,1,0,"Y"
655,0,0,0,"N"
656,0,0,0,"N"
657,1,0,0,"Y"
658,0,0,0,"N"
659,3,3,1,"Y"
660,0,0,0,"N"
661,0,0,0,"N"
662,0,0,0,"N"
663,0,1,0,"Y"
664,0,0,0,"N"
665,0,0,0,"N"
667,0,0,0,"N"
670,0,0,0,"N"
671,0,0,0,"N"
677,0,0,0,"N"
678,0,0,0,"N"
680,0,0,0,"N"
681,0,0,0,"N"
684,0,0,0,"N"
685,0,0,0,"N"
686,0,0,0,"N"
687,0,0,0,"N"
688,0,0,0,"N"
690,0,0,0,"N"
691,0,0,0,"N"
692,0,0,0,"N"
693,0,0,0,"N"
694,0,0,0,"N"
695,0,0,0,"N"
696,0,0,0,"N"
697,0,0,0,"N"
698,0,0,0,"N"
701,0,0,0,"N"
702,0,0,0,"N"
703,0,0,0,"N"
704,0,0,0,"N"
705,0,0,0,"N"
706,0,0,0,"N"
707,0,0,0,"N"
708,0,0,0,"N"
709,0,0,0,"N"
710,0,0,0,"N"
711,0,0,0,"N"
712,0,0,0,"N"
713,0,0,0,"N"
714,0,0,0,"N"
715,0,0,0,"N"
716,0,0,0,"N"
717,0,0,0,"N"
718,0,0,0,"N"
719,0,0,0,"N"
720,0,0,0,"N"
721,0,0,0,"N"
722,0,0,0,"N"
723,0,0,0,"N"
724,0,0,0,"N"
725,0,0,0,"N"
727,0,0,0,"N"
728,0,0,0,"N"
729,0,0,0,"N"
730,0,0,0,"N"
732,0,0,0,"N"
733,0,0,0,"N"
734,0,0,0,"N"
735,0,0,0,"N"
736,0,0,0,"N"
737,0,0,0,"N"
738,0,0,0,"N"
740,0,0,0,"N"
741,0,0,0,"N"
742,0,0,0,"N"
743,0,0,0,"N"
744,0,0,0,"N"
745,0,0,0,"N"
746,0,0,0,"N"
747,0,0,0,"N"
748,0,0,0,"N"
749,0,0,0,"N"
750,0,0,0,"N"
751,0,0,0,"N"
752,0,0,0,"N"
753,0,0,0,"N"
754,0,0,0,"N"
755,0,0,0,"N"
756,0,0,0,"N"
757,0,0,0,"N"
758,0,0,0,"N"
759,0,1,0,"Y"
760,0,2,0,"Y"
761,0,0,0,"N"
762,0,0,0,"N"
764,1,1,1,"Y"
765,0,0,0,"N"
767,0,0,0,"N"
768,0,0,0,"N"
769,1,1,1,"Y"
770,0,1,0,"Y"
771,1,1,1,"Y"
772,0,0,0,"N"
773,0,0,0,"N"
774,1,1,1,"Y"
775,0,0,0,"N"
776,2,2,1,"Y"
777,0,0,0,"N"
778,1,3,2,"Y"
779,0,0,0,"N"
780,3,3,3,"Y"
781,0,0,0,"N"
782,3,3,2,"Y"
783,0,0,0,"N"
784,2,3,3,"Y"
785,0,0,0,"N"
786,0,0,0,"N"
787,0,0,0,"N"
788,0,0,0,"N"
789,0,0,0,"N"
790,0,0,0,"N"
791,0,0,0,"N"
792,5,5,5,"Y"
793,0,0,0,"N"
794,0,0,0,"N"
795,0,0,0,"N"
796,0,0,0,"N"
797,0,0,0,"N"
798,2,5,3,"Y"
799,1,1,1,"Y"
800,1,2,0,"Y"
801,1,0,1,"Y"
802,0,0,0,"N"
803,0,0,0,"N"
804,0,0,0,"N"
805,0,0,0,"N"
806,0,0,0,"N"
807,0,0,0,"N"
808,0,0,0,"N"
809,0,3,0,"Y"
810,0,0,0,"N"
811,0,0,0,"N"
812,0,0,0,"N"
813,0,3,0,"Y"
814,0,0,0,"N"
815,2,4,2,"Y"
816,4,4,3,"Y"
817,0,0,0,"N"
818,0,0,0,"N"
819,0,0,0,"N"
820,0,0,0,"N"
821,0,0,0,"N"
822,0,0,0,"N"
823,0,0,0,"N"
824,4,5,4,"Y"
825,0,0,0,"N"
826,0,1,0,"Y"
827,1,2,1,"Y"
828,0,0,0,"N"
829,0,0,0,"N"
830,1,3,1,"Y"
831,0,0,0,"N"
832,2,3,2,"Y"
833,2,4,1,"Y"
834,0,0,0,"N"
835,0,0,0,"N"
836,1,2,1,"Y"
837,0,0,0,"N"
838,0,0,0,"N"
839,0,0,0,"N"
840,0,0,0,"N"
841,0,0,0,"N"
842,0,0,0,"N"
843,0,0,0,"N"
844,0,0,0,"N"
845,0,0,0,"N"
846,0,0,0,"N"
847,0,1,0,"Y"
849,0,0,0,"N"
850,0,0,0,"N"
851,0,0,0,"N"
852,0,5,0,"Y"
853,0,0,0,"N"
854,0,0,0,"N"
855,0,0,0,"N"
856,0,0,0,"N"
857,0,0,0,"N"
858,0,1,0,"Y"
859,0,0,0,"N"
860,0,3,0,"Y"
861,5,5,5,"Y"
862,0,0,0,"N"
863,0,1,0,"Y"
864,0,0,0,"N"
865,0,0,0,"N"
866,2,3,2,"Y"
867,2,2,2,"Y"
868,4,4,4,"Y"
869,0,1,0,"Y"
870,0,0,0,"N"
871,0,0,0,"N"
872,0,4,0,"Y"
873,0,0,0,"N"
874,0,5,0,"Y"
876,0,0,0,"N"
877,0,0,0,"N"
878,2,3,1,"Y"
879,0,1,0,"Y"
880,0,0,0,"N"
881,0,0,0,"N"
882,0,0,0,"N"
884,0,0,0,"N"
885,0,0,0,"N"
886,0,0,0,"N"
887,0,0,0,"N"
888,0,0,0,"N"
889,0,0,0,"N"
890,0,0,0,"N"
891,0,0,0,"N"
892,0,0,0,"N"
893,0,0,0,"N"
894,0,0,0,"N"
895,0,0,0,"N"
896,0,0,0,"N"
897,0,0,0,"N"
898,0,0,0,"N"
899,0,0,0,"N"
900,0,0,0,"N"
901,0,0,0,"N"
902,0,0,0,"N"
903,0,0,0,"N"
904,0,0,0,"N"
905,0,0,0,"N"
906,0,0,0,"N"
907,0,0,0,"N"
908,0,0,0,"N"
909,0,0,0,"N"
910,0,0,0,"N"
912,0,0,0,"N"
913,0,1,1,"Y"
914,0,0,0,"N"
915,0,0,0,"N"
916,0,0,0,"N"
917,0,2,0,"Y"
918,0,0,0,"N"
920,0,0,0,"N"
921,0,0,0,"N"
924,0,0,0,"N"
925,0,0,0,"N"
926,0,0,0,"N"
927,0,0,0,"N"
928,1,2,1,"Y"
929,1,3,1,"Y"
930,0,0,0,"N"
931,0,0,0,"N"
932,0,0,0,"N"
933,0,0,0,"N"
934,0,0,0,"N"
935,0,0,0,"N"
936,0,0,0,"N"
937,0,0,0,"N"
938,1,1,1,"Y"
939,1,2,1,"Y"
940,0,0,0,"N"
941,0,0,0,"N"
942,1,1,1,"Y"
943,0,0,0,"N"
944,1,1,1,"Y"
945,1,1,1,"Y"
946,0,0,0,"N"
947,0,0,0,"N"
948,0,1,0,"Y"
949,2,4,2,"Y"
950,0,0,0,"N"
951,0,0,0,"N"
952,2,3,2,"Y"
953,0,2,0,"Y"
954,0,0,0,"N"
955,0,0,0,"N"
956,0,0,0,"N"
957,2,4,2,"Y"
958,0,0,0,"N"
959,1,2,1,"Y"
960,0,0,0,"N"
961,0,0,0,"N"
962,1,3,2,"Y"
963,0,0,0,"N"
964,0,0,0,"N"
965,0,0,0,"N"
966,0,0,0,"N"
967,0,0,0,"N"
968,1,1,1,"Y"
969,2,0,0,"Y"
970,0,0,0,"N"
971,1,3,0,"Y"
972,0,0,0,"N"
973,0,0,0,"N"
974,0,0,0,"N"
975,2,4,2,"Y"
976,0,1,0,"Y"
977,1,3,1,"Y"
978,0,0,0,"N"
979,0,0,0,"N"
980,0,0,0,"N"
981,0,0,0,"N"
983,4,5,5,"Y"
984,4,5,4,"Y"
985,0,0,0,"N"
986,1,4,3,"Y"
987,3,3,3,"Y"
988,2,3,2,"Y"
989,4,3,3,"Y"
990,2,2,2,"Y"
991,5,5,5,"Y"
992,3,3,3,"Y"
993,5,4,4,"Y"
994,0,0,0,"N"
995,0,0,0,"N"
996,0,0,0,"N"
997,0,0,0,"N"
998,3,3,2,"Y"
999,3,3,3,"Y"
1000,0,0,0,"N"
1001,0,1,0,"Y"
1002,0,0,0,"N"
1003,0,0,0,"N"
1004,0,0,0,"N"
1005,1,3,1,"Y"
1006,0,0,0,"N"
1007,2,3,2,"Y"
1008,0,3,0,"Y"
1009,3,3,3,"Y"
1010,4,4,4,"Y"
1011,3,3,1,"Y"
1012,0,1,0,"Y"
1013,1,1,1,"Y"
1014,1,3,2,"Y"
1015,3,3,3,"Y"
1016,1,3,1,"Y"
1017,3,3,3,"Y"
1018,3,5,4,"Y"
1019,0,0,0,"N"
1020,0,3,0,"Y"
1021,2,4,2,"Y"
1022,1,3,1,"Y"
1023,1,3,1,"Y"
1024,0,1,0,"Y"
1025,0,3,0,"Y"
1026,0,3,0,"Y"
1027,0,1,0,"Y"
1028,0,1,0,"Y"
1029,2,4,2,"Y"
1030,5,4,4,"Y"
1031,0,1,0,"Y"
1033,0,0,0,"N"
1034,4,4,3,"Y"
1035,5,5,5,"Y"
1036,5,5,5,"Y"
1037,3,3,3,"Y"
1038,3,3,3,"Y"
1039,0,0,0,"N"
1040,3,3,3,"Y"
1041,5,4,4,"Y"
1042,3,3,2,"Y"
1043,0,0,0,"N"
1044,3,5,1,"Y"
1045,5,5,4,"Y"
1046,3,4,3,"Y"
1047,0,0,0,"N"
1048,0,0,0,"N"
1049,0,0,0,"N"
1050,3,4,3,"Y"
1051,0,0,0,"N"
1052,0,0,0,"N"
1053,0,0,0,"N"
1054,3,4,0,"Y"
1055,0,0,0,"N"
1056,0,0,0,"N"
1057,3,5,0,"Y"
1058,0,0,0,"N"
1060,0,0,0,"N"
1062,0,0,0,"N"
1063,0,0,0,"N"
1064,0,0,0,"N"
1065,0,0,0,"N"
1066,0,0,0,"N"
1067,0,0,0,"N"
1068,4,5,0,"Y"
1069,0,0,0,"N"
1070,0,0,0,"N"
1071,0,0,0,"N"
1072,3,5,0,"Y"
1073,0,0,0,"N"
1074,0,0,0,"N"
1075,0,0,0,"N"
1076,0,0,0,"N"
1077,3,0,0,"Y"
1078,0,0,0,"N"
1079,0,0,0,"N"
1080,3,3,3,"Y"
1081,0,1,0,"Y"
1082,0,0,0,"N"
1083,4,4,4,"Y"
1084,1,1,0,"Y"
1085,4,4,3,"Y"
1086,5,6,5,"Y"
1087,5,4,4,"Y"
1088,0,0,0,"N"
1089,0,0,0,"N"
1090,4,5,3,"Y"
1091,4,4,3,"Y"
1092,1,1,1,"Y"
1093,0,0,0,"N"
1094,0,0,0,"N"
1095,0,0,0,"N"
1096,0,0,0,"N"
1097,4,5,5,"Y"
1098,0,0,0,"N"
1099,0,0,0,"N"
1100,0,0,0,"N"
1101,0,0,0,"N"
1102,0,0,0,"N"
1104,0,0,0,"N"
1105,0,0,0,"N"
1106,0,1,0,"Y"
1107,0,0,0,"N"
1108,3,3,3,"Y"
1109,0,0,0,"N"
1110,0,0,0,"N"
1111,0,0,0,"N"
1112,3,4,3,"Y"
1113,0,0,0,"N"
1114,0,0,0,"N"
1115,1,4,1,"Y"
1117,1,1,1,"Y"
1118,0,0,0,"N"
1119,6,6,2,"Y"
1120,0,0,0,"N"
1121,6,5,4,"Y"
1122,0,0,0,"N"
1123,5,5,1,"Y"
1124,0,0,0,"N"
1125,0,0,0,"N"
1126,0,0,0,"N"
1127,0,0,0,"N"
1128,0,0,0,"N"
1129,1,2,1,"Y"
1130,0,0,0,"N"
1131,0,0,0,"N"
1132,2,2,2,"Y"
1133,1,2,2,"Y"
1134,2,2,2,"Y"
1135,1,1,1,"Y"
1136,2,2,2,"Y"
1137,0,0,0,"N"
1138,0,0,0,"N"
1139,5,3,3,"Y"
1140,0,0,0,"N"
1141,4,4,4,"Y"
1142,0,0,0,"N"
1143,0,0,0,"N"
1144,6,6,6,"Y"
1145,0,1,0,"Y"
1146,1,1,1,"Y"
1147,0,0,0,"N"
1148,0,0,0,"N"
1149,1,5,5,"Y"
1150,0,0,0,"N"
1151,1,1,1,"Y"
1153,0,0,0,"N"
1154,0,0,0,"N"
1155,0,0,0,"N"
1156,6,7,6,"Y"
1157,1,1,1,"Y"
1158,0,0,0,"N"
1159,0,0,0,"N"
1160,0,2,0,"Y"
1162,0,0,0,"N"
1163,0,0,0,"N"
1164,0,0,0,"N"
1165,0,0,0,"N"
1166,0,0,0,"N"
1167,0,0,0,"N"
1168,0,0,0,"N"
1169,0,0,0,"N"
1170,2,2,2,"Y"
1171,0,0,0,"N"
1172,2,2,2,"Y"
1173,0,0,0,"N"
1174,0,2,0,"Y"
1175,0,0,0,"N"
1176,0,0,0,"N"
1177,0,0,0,"N"
1178,0,0,0,"N"
1179,6,6,6,"Y"
1180,0,0,0,"N"
1181,3,6,3,"Y"
1182,0,0,0,"N"
1183,0,0,0,"N"
1184,5,6,5,"Y"
1185,0,0,0,"N"
1186,0,0,0,"N"
1187,0,0,0,"N"
1188,0,0,0,"N"
1189,0,0,0,"N"
1190,0,0,0,"N"
1191,1,1,1,"Y"
1192,0,0,0,"N"
1193,0,0,0,"N"
1194,6,6,5,"Y"
1195,0,0,0,"N"
1196,0,0,0,"N"
1198,0,0,0,"N"
1199,0,0,0,"N"
1200,0,0,0,"N"
1201,0,1,0,"Y"
1202,0,0,0,"N"
1203,0,0,0,"N"
1204,1,1,1,"Y"
1205,0,0,0,"N"
1206,0,0,0,"N"
1207,0,0,0,"N"
1208,2,2,2,"Y"
1209,0,0,0,"N"
1210,1,1,1,"Y"
1211,3,3,3,"Y"
1212,0,0,0,"N"
1214,0,0,0,"N"
1215,0,0,0,"N"
1216,1,1,1,"Y"
1217,1,1,1,"Y"
1218,0,0,0,"N"
1219,0,0,0,"N"
1220,0,0,0,"N"
1221,2,3,2,"Y"
1222,0,0,0,"N"
1223,0,0,0,"N"
1224,0,0,0,"N"
1225,0,0,0,"N"
1226,0,0,0,"N"
1227,0,0,0,"N"
1228,0,0,0,"N"
1229,0,0,0,"N"
1230,0,0,0,"N"
1231,5,5,5,"Y"
1232,0,0,0,"N"
1233,0,0,0,"N"
1234,3,0,2,"Y"
1235,3,0,1,"Y"
1236,0,0,0,"N"
1237,1,0,1,"Y"
1238,0,0,0,"N"
1241,0,0,0,"N"
1242,4,4,4,"Y"
1243,0,0,0,"N"
1245,0,0,0,"N"
1246,0,0,0,"N"
1247,0,0,0,"N"
1248,0,0,0,"N"
1249,0,0,0,"N"
1250,0,0,0,"N"
1251,0,0,0,"N"
1252,6,5,5,"Y"
1253,0,0,0,"N"
1254,0,0,0,"N"
1255,0,0,0,"N"
1256,0,0,0,"N"
1257,0,0,0,"N"
1258,0,0,0,"N"
1259,0,0,0,"N"
1260,0,0,0,"N"
1261,0,0,0,"N"
1263,0,0,0,"N"
1264,0,0,0,"N"
1266,0,0,0,"N"
1267,1,2,1,"Y"
1269,1,2,1,"Y"
1270,4,5,4,"Y"
1271,0,0,0,"N"
1272,0,0,0,"N"
1273,1,1,1,"Y"
1274,0,0,0,"N"
1275,0,0,0,"N"
1276,0,0,0,"N"
1277,0,0,0,"N"
1278,0,0,0,"N"
1279,0,3,3,"Y"
1280,0,0,0,"N"
1281,0,0,0,"N"
1282,0,0,0,"N"
1283,0,0,0,"N"
1284,0,0,0,"N"
1285,0,0,0,"N"
1286,0,0,0,"N"
1287,0,0,0,"N"
1288,6,5,5,"Y"
1289,0,0,0,"N"
1290,0,0,0,"N"
1291,0,0,0,"N"
1292,0,2,1,"Y"
1293,0,0,0,"N"
1294,0,0,0,"N"
1295,0,0,0,"N"
1296,0,0,0,"N"
1297,0,0,0,"N"
1298,0,0,0,"N"
1299,0,2,0,"Y"
1300,0,0,0,"N"
1301,0,0,0,"N"
1302,0,0,0,"N"
1303,0,1,0,"Y"
1305,2,2,2,"Y"
1306,0,0,0,"N"
1307,0,0,0,"N"
1308,0,0,0,"N"
1309,0,0,0,"N"
1310,0,0,0,"N"
1311,0,0,0,"N"
1312,0,0,0,"N"
1314,0,0,0,"N"
1315,0,0,0,"N"
1316,0,3,0,"Y"
1317,4,4,4,"Y"
1318,3,2,2,"Y"
1319,0,0,0,"N"
1320,0,1,0,"Y"
1321,0,0,0,"N"
1322,0,1,0,"Y"
1323,0,1,0,"Y"
1324,0,0,0,"N"
1325,0,2,0,"Y"
1326,0,0,0,"N"
1327,6,4,0,"Y"
1328,4,0,0,"Y"
1329,5,4,4,"Y"
1330,0,0,0,"N"
1332,0,0,0,"N"
1333,0,0,0,"N"
1335,5,5,5,"Y"
1336,0,0,0,"N"
1338,0,0,0,"N"
1339,0,0,0,"N"
1340,0,0,0,"N"
1341,5,6,5,"Y"
1342,0,0,0,"N"
1343,0,0,0,"N"
1344,0,0,0,"N"
1345,0,0,0,"N"
1346,0,0,0,"N"
1347,0,0,0,"N"
1348,0,0,0,"N"
1349,0,0,0,"N"
1350,0,0,0,"N"
1351,0,0,0,"N"
1352,0,0,0,"N"
1353,0,0,0,"N"
1354,0,0,0,"N"
1355,0,0,0,"N"
1356,4,5,4,"Y"
1357,0,0,0,"N"
1358,1,4,1,"Y"
1361,0,0,0,"N"
1362,0,1,0,"Y"
1363,0,0,0,"N"
1364,0,0,0,"N"
1365,0,0,0,"N"
1366,0,0,0,"N"
1367,0,5,0,"Y"
1369,5,6,4,"Y"
1370,0,5,0,"Y"
1371,0,0,0,"N"
1372,0,0,0,"N"
1373,0,0,0,"N"
1374,0,0,0,"N"
1375,5,6,5,"Y"
1376,0,0,0,"N"
1377,5,6,4,"Y"
1378,0,0,0,"N"
1379,0,0,0,"N"
1380,0,0,0,"N"
1381,0,0,0,"N"
1382,0,0,0,"N"
1384,0,0,0,"N"
1385,0,0,0,"N"
1386,0,0,0,"N"
1387,0,0,0,"N"
1388,0,0,0,"N"
1389,0,0,0,"N"
1390,0,0,0,"N"
1391,0,0,0,"N"
1392,0,0,0,"N"
1393,0,0,0,"N"
1394,2,3,2,"Y"
1395,0,0,0,"N"
1396,0,0,0,"N"
1397,4,6,4,"Y"
1398,0,0,0,"N"
1399,0,0,0,"N"
1400,2,4,1,"Y"
1401,2,2,1,"Y"
1402,0,0,0,"N"
1403,0,0,0,"N"
1404,0,0,0,"N"
1405,0,0,0,"N"
1406,0,0,0,"N"
1407,0,0,0,"N"
1408,0,0,0,"N"
1409,0,0,0,"N"
1410,0,0,0,"N"
1411,0,0,0,"N"
1412,4,5,5,"Y"
1413,4,5,4,"Y"
1414,5,6,4,"Y"
1415,0,0,0,"N"
1416,0,0,0,"N"
1417,3,3,2,"Y"
1418,3,3,3,"Y"
1419,0,2,0,"Y"
1420,0,0,0,"N"
1421,0,2,0,"Y"
1422,0,2,0,"Y"
1423,0,0,0,"N"
1424,0,0,0,"N"
1425,0,1,0,"Y"
1426,3,4,2,"Y"
1427,0,0,0,"N"
1428,0,3,1,"Y"
1429,0,0,0,"N"
1430,0,0,0,"N"
1431,0,0,0,"N"
1432,0,0,0,"N"
1433,0,0,0,"N"
1434,0,0,0,"N"
1435,0,0,0,"N"
1436,0,0,0,"N"
1437,0,0,0,"N"
1438,0,0,0,"N"
1439,0,0,0,"N"
1440,0,0,0,"N"
1441,0,0,0,"N"
1442,0,0,0,"N"
1443,0,0,0,"N"
1444,0,0,0,"N"
1445,0,0,0,"N"
1446,0,0,0,"N"
1447,0,0,0,"N"
1448,0,0,0,"N"
1449,0,0,0,"N"
1450,3,3,2,"Y"
1451,2,2,0,"Y"
1452,0,0,0,"N"
1453,0,0,0,"N"
1454,0,0,0,"N"
1455,2,5,3,"Y"
1456,0,0,0,"N"
1457,0,0,0,"N"
1458,0,0,0,"N"
1459,0,0,0,"N"
1460,0,0,0,"N"
1461,0,0,0,"N"
1462,0,0,0,"N"
1463,0,0,0,"N"
1464,0,0,0,"N"
1465,0,0,0,"N"
1466,0,0,0,"N"
1467,0,0,0,"N"
1468,0,0,0,"N"
1469,0,0,0,"N"
1470,0,0,0,"N"
1471,0,0,0,"N"
1472,0,0,0,"N"
1473,0,0,0,"N"
1474,0,0,0,"N"
1475,0,0,0,"N"
1476,0,0,0,"N"
1477,0,0,0,"N"
1478,0,0,0,"N"
1479,0,0,0,"N"
1480,0,0,0,"N"
1481,0,0,0,"N"
1482,0,0,0,"N"
1483,0,0,0,"N"
1484,0,0,0,"N"
1485,0,0,0,"N"
1486,0,0,0,"N"
1487,0,0,0,"N"
1488,0,0,0,"N"
1489,0,0,0,"N"
1490,0,0,0,"N"
1491,0,0,0,"N"
1492,0,0,0,"N"
1495,0,0,0,"N"
1496,0,0,0,"N"
1497,3,3,3,"Y"
1498,0,0,0,"N"
1499,0,0,0,"N"
1500,0,0,0,"N"
1501,0,0,0,"N"
1502,0,0,0,"N"
1503,0,0,0,"N"
1504,0,0,0,"N"
1505,0,0,0,"N"
1507,0,0,0,"N"
1508,0,0,0,"N"
1509,0,0,0,"N"
1510,0,0,0,"N"
1511,1,1,1,"Y"
1512,1,1,1,"Y"
1513,0,0,0,"N"
1514,2,2,2,"Y"
1515,0,0,0,"N"
1516,0,0,0,"N"
1517,2,2,2,"Y"
1518,0,0,0,"N"
1519,0,1,0,"Y"
1520,0,0,0,"N"
1521,0,0,0,"N"
1522,0,0,0,"N"
1523,1,1,1,"Y"
1524,1,2,1,"Y"
1525,1,1,1,"Y"
1526,1,2,1,"Y"
1527,1,2,2,"Y"
1528,0,0,0,"N"
1529,0,0,0,"N"
1530,0,0,0,"N"
1531,0,0,0,"N"
1532,0,0,0,"N"
1533,0,0,0,"N"
1534,0,1,1,"Y"
1535,0,0,0,"N"
1536,1,1,1,"Y"
1537,0,0,0,"N"
1538,0,0,0,"N"
1539,0,0,0,"N"
1540,0,0,0,"N"
1541,0,0,0,"N"
1542,0,1,0,"Y"
1543,0,0,0,"N"
1544,0,0,0,"N"
1545,0,0,0,"N"
1546,0,0,0,"N"
1547,0,0,0,"N"
1548,1,1,1,"Y"
1549,0,0,0,"N"
1550,0,0,0,"N"
1551,0,0,0,"N"
1552,0,0,0,"N"
1553,0,0,0,"N"
1554,0,0,0,"N"
1555,0,0,0,"N"
1556,0,0,0,"N"
1557,0,0,0,"N"
1558,0,0,0,"N"
1559,1,1,1,"Y"
1560,0,1,0,"Y"
1562,0,0,0,"N"
1563,1,1,1,"Y"
1565,0,0,0,"N"
1566,1,1,1,"Y"
1567,2,3,2,"Y"
1568,1,1,1,"Y"
1569,0,0,0,"N"
1570,1,1,1,"Y"
1571,2,2,2,"Y"
1574,0,0,0,"N"
1575,0,0,0,"N"
1576,0,0,0,"N"
1577,0,0,0,"N"
1578,0,0,0,"N"
1579,2,2,2,"Y"
1580,0,0,0,"N"
1581,0,0,0,"N"
1583,0,0,0,"N"
1584,4,4,4,"Y"
1585,0,0,0,"N"
1586,3,3,3,"Y"
1587,0,0,0,"N"
1588,3,3,3,"Y"
1589,1,1,1,"Y"
1590,0,0,0,"N"
1591,2,2,2,"Y"
1592,1,3,2,"Y"
1593,1,2,2,"Y"
1594,0,0,0,"N"
1595,2,3,3,"Y"
1596,2,3,3,"Y"
1597,3,4,3,"Y"
1598,3,3,3,"Y"
1599,2,3,3,"Y"
1600,1,1,1,"Y"
1601,1,1,1,"Y"
1602,3,3,3,"Y"
1603,0,0,0,"N"
1604,1,1,1,"Y"
1605,2,2,2,"Y"
1606,0,1,0,"Y"
1607,1,1,1,"Y"
1608,0,0,0,"N"
1609,2,2,1,"Y"
1610,1,2,1,"Y"
1611,0,0,0,"N"
1612,2,2,2,"Y"
1613,2,3,3,"Y"
1614,2,3,2,"Y"
1615,0,0,0,"N"
1616,0,0,0,"N"
1617,0,0,0,"N"
1618,0,0,0,"N"
1619,0,0,0,"N"
1620,0,0,0,"N"
1621,0,0,0,"N"
1622,0,0,0,"N"
1623,0,0,0,"N"
1624,2,3,2,"Y"
1625,2,2,1,"Y"
1626,3,3,3,"Y"
1627,1,3,2,"Y"
1628,0,0,0,"N"
1629,0,0,0,"N"
1630,0,0,0,"N"
1631,1,2,1,"Y"
1632,0,0,0,"N"
1633,0,0,0,"N"
1634,0,0,0,"N"
1635,0,0,0,"N"
1636,0,0,0,"N"
1637,0,0,0,"N"
1638,0,0,0,"N"
1639,0,0,0,"N"
1640,0,0,0,"N"
1641,0,0,0,"N"
1642,2,2,1,"Y"
1643,0,0,0,"N"
1644,0,0,0,"N"
1645,0,0,0,"N"
1646,0,0,0,"N"
1647,0,0,0,"N"
1648,1,1,0,"Y"
1649,1,0,1,"Y"
1650,1,2,2,"Y"
1651,1,2,2,"Y"
1652,1,1,1,"Y"
1653,1,1,1,"Y"
1654,0,3,2,"Y"
1655,0,0,0,"N"
1656,1,3,2,"Y"
1657,0,0,0,"N"
1658,0,1,1,"Y"
1659,0,0,0,"N"
1660,0,1,0,"Y"
1661,0,0,0,"N"
1662,0,0,0,"N"
1663,1,1,1,"Y"
1664,0,0,0,"N"
1665,1,1,1,"Y"
1666,2,3,2,"Y"
1667,2,2,2,"Y"
1668,1,1,1,"Y"
1669,1,1,1,"Y"
1670,2,3,2,"Y"
1671,2,3,3,"Y"
1672,0,2,2,"Y"
1673,0,2,0,"Y"
1674,0,0,0,"N"
1675,0,1,1,"Y"
1676,0,0,0,"N"
1677,1,1,1,"Y"
1678,2,3,3,"Y"
1679,0,0,0,"N"
1680,0,0,0,"N"
1681,0,0,0,"N"
1683,3,3,3,"Y"
1684,0,0,0,"N"
1685,0,0,0,"N"
1686,0,0,0,"N"
1687,0,0,0,"N"
1688,0,0,0,"N"
1689,0,0,0,"N"
1690,0,0,0,"N"
1691,0,0,0,"N"
1692,0,0,0,"N"
1693,0,0,0,"N"
1694,0,0,0,"N"
1695,0,0,0,"N"
1696,0,0,0,"N"
1697,0,0,0,"N"
1698,0,0,0,"N"
1699,1,1,1,"Y"
1700,0,0,0,"N"
1701,0,0,0,"N"
1703,0,1,0,"Y"
1704,1,1,1,"Y"
1705,1,1,1,"Y"
1706,1,1,1,"Y"
1707,1,1,1,"Y"
1708,1,1,1,"Y"
1709,1,1,1,"Y"
1710,1,1,1,"Y"
1711,0,0,0,"N"
1712,0,0,0,"N"
1713,1,1,1,"Y"
1714,0,0,0,"N"
1715,0,0,0,"N"
1716,0,0,0,"N"
1717,0,0,0,"N"
1718,0,0,0,"N"
1719,0,0,0,"N"
1720,0,0,0,"N"
1721,0,0,0,"N"
1722,0,0,0,"N"
1723,0,0,0,"N"
1724,0,0,0,"N"
1725,0,0,0,"N"
1726,0,0,0,"N"
1729,0,0,0,"N"
1730,0,0,0,"N"
1731,0,0,0,"N"
1732,0,1,0,"Y"
1733,0,1,0,"Y"
1734,1,1,1,"Y"
1735,0,0,0,"N"
1736,0,0,0,"N"
1737,2,2,2,"Y"
1738,0,2,1,"Y"
1739,2,2,2,"Y"
1740,0,0,0,"N"
1741,0,1,0,"Y"
1742,0,0,0,"N"
1743,0,0,0,"N"
1744,2,2,2,"Y"
1746,0,0,0,"N"
1748,1,3,1,"Y"
1749,0,0,0,"N"
1750,0,3,0,"Y"
1751,1,2,1,"Y"
1752,0,1,0,"Y"
1753,2,1,1,"Y"
1754,2,3,2,"Y"
1755,0,1,0,"Y"
1756,1,3,1,"Y"
1757,0,0,0,"N"
1758,2,3,2,"Y"
1759,0,0,0,"N"
1760,3,3,3,"Y"
1761,0,3,0,"Y"
1762,1,3,1,"Y"
1763,0,0,0,"N"
1764,1,2,1,"Y"
1766,0,0,0,"N"
1767,1,0,0,"Y"
1768,0,2,0,"Y"
1769,0,1,0,"Y"
1770,0,0,0,"N"
1771,1,2,1,"Y"
1772,1,2,1,"Y"
1773,0,0,0,"N"
1774,0,0,0,"N"
1775,0,0,0,"N"
1776,0,2,0,"Y"
1778,0,0,0,"N"
1780,0,0,0,"N"
1781,0,0,0,"N"
1782,0,0,0,"N"
1783,0,0,0,"N"
1784,0,0,0,"N"
1785,0,0,0,"N"
1786,0,0,0,"N"
1787,0,0,0,"N"
1788,0,0,0,"N"
1789,0,0,0,"N"
1791,0,0,0,"N"
1792,0,0,0,"N"
1793,1,1,0,"Y"
1794,2,3,2,"Y"
1795,1,3,2,"Y"
1796,1,3,1,"Y"
1797,0,1,1,"Y"
1798,0,0,0,"N"
1799,0,0,0,"N"
1800,1,1,0,"Y"
1801,0,0,0,"N"
1802,0,0,0,"N"
1803,0,3,1,"Y"
1804,0,0,0,"N"
1805,0,0,0,"N"
1806,0,0,0,"N"
1807,3,3,3,"Y"
1808,0,0,0,"N"
1809,1,1,1,"Y"
1810,0,0,0,"N"
1811,0,0,0,"N"
1812,0,0,0,"N"
1813,4,4,3,"Y"
1814,0,0,0,"N"
1815,0,0,0,"N"
1816,2,3,2,"Y"
1817,0,3,0,"Y"
1820,2,4,1,"Y"
1821,0,0,0,"N"
1822,0,0,0,"N"
1823,0,0,0,"N"
1824,0,0,0,"N"
1825,0,1,0,"Y"
1826,0,0,0,"N"
1827,0,0,0,"N"
1828,0,0,0,"N"
1829,1,2,1,"Y"
1830,0,0,0,"N"
1831,0,0,0,"N"
1832,0,0,0,"N"
1833,2,3,2,"Y"
1834,1,3,1,"Y"
1835,0,0,0,"N"
1836,0,1,0,"Y"
1837,2,3,2,"Y"
1838,2,2,2,"Y"
1839,2,3,2,"Y"
1840,0,3,0,"Y"
1841,0,0,0,"N"
1842,0,0,0,"N"
1843,2,3,2,"Y"
1844,0,0,0,"N"
1845,0,0,0,"N"
1846,0,0,0,"N"
1847,0,0,0,"N"
1848,0,0,0,"N"
1849,0,0,0,"N"
1850,2,3,2,"Y"
1851,0,0,0,"N"
1852,2,3,2,"Y"
1853,0,0,0,"N"
1854,2,3,2,"Y"
1855,0,0,0,"N"
1856,0,0,0,"N"
1857,0,0,0,"N"
1858,0,0,0,"N"
1859,0,0,0,"N"
1860,0,0,0,"N"
1861,0,0,0,"N"
1862,0,0,0,"N"
1863,0,0,0,"N"
1864,0,0,0,"N"
1865,0,0,0,"N"
1866,0,0,0,"N"
1867,0,0,0,"N"
1868,0,0,0,"N"
1869,2,3,2,"Y"
1870,5,4,4,"Y"
1871,4,4,3,"Y"
1872,4,0,1,"Y"
1873,0,0,0,"N"
1874,0,0,0,"N"
1875,0,0,0,"N"
1876,0,0,0,"N"
1877,0,0,0,"N"
1878,0,0,0,"N"
1879,0,0,0,"N"
1880,0,0,0,"N"
1881,0,0,0,"N"
1882,0,0,0,"N"
1883,2,3,2,"Y"
1884,0,0,0,"N"
1885,0,0,0,"N"
1886,0,0,0,"N"
1887,0,0,0,"N"
1888,0,0,0,"N"
1889,0,1,0,"Y"
1890,0,1,0,"Y"
1891,0,0,0,"N"
1892,0,0,0,"N"
1893,0,0,0,"N"
1894,0,0,0,"N"
1895,0,0,0,"N"
1897,2,3,2,"Y"
1898,0,0,0,"N"
1899,0,0,0,"N"
1900,0,0,0,"N"
1901,2,2,2,"Y"
1902,2,2,2,"Y"
1903,3,3,3,"Y"
1904,2,0,0,"Y"
1905,4,4,4,"Y"
1906,5,5,5,"Y"
1907,3,3,3,"Y"
1908,0,1,0,"Y"
1909,2,3,2,"Y"
1910,3,3,3,"Y"
1911,0,0,0,"N"
1912,0,0,0,"N"
1913,0,2,0,"Y"
1914,2,3,2,"Y"
1915,0,0,0,"N"
1916,1,3,1,"Y"
1917,0,0,0,"N"
1918,0,0,0,"N"
1919,0,0,0,"N"
1920,0,0,0,"N"
1921,0,0,0,"N"
1922,0,0,0,"N"
1923,0,1,0,"Y"
1924,0,1,0,"Y"
1925,0,0,0,"N"
1926,0,0,0,"N"
1927,1,2,1,"Y"
1928,1,3,1,"Y"
1929,0,1,0,"Y"
1930,0,0,0,"N"
1931,2,2,2,"Y"
1932,1,2,1,"Y"
1933,0,0,0,"N"
1934,0,0,0,"N"
1935,0,0,0,"N"
1936,1,2,1,"Y"
1937,0,0,0,"N"
1938,0,1,0,"Y"
1940,0,0,0,"N"
1941,0,0,0,"N"
1942,0,0,0,"N"
1943,0,0,0,"N"
1944,0,0,0,"N"
1945,0,0,0,"N"
1946,0,0,0,"N"
1947,0,0,0,"N"
1948,1,1,1,"Y"
1949,0,0,0,"N"
1950,0,0,0,"N"
1951,0,2,0,"Y"
1952,0,0,0,"N"
1953,0,0,0,"N"
1954,1,2,1,"Y"
1955,0,0,0,"N"
1956,0,0,0,"N"
1957,0,0,0,"N"
1958,0,2,0,"Y"
1959,0,1,0,"Y"
1960,0,0,0,"N"
1961,0,2,0,"Y"
1962,0,0,0,"N"
1963,0,0,0,"N"
1964,0,0,0,"N"
1965,0,0,0,"N"
1966,0,0,0,"N"
1967,0,0,0,"N"
1991,0,0,0,"N"
1992,0,0,0,"N"
1996,1,0,0,"Y"
1997,2,0,0,"Y"
2000,1,0,0,"Y"
2006,0,0,0,"N"
2007,0,0,0,"N"
2009,0,0,0,"N"
2024,0,0,0,"N"
2030,0,0,0,"N"
2034,1,0,1,"Y"
2037,0,0,0,"N"
2041,0,0,0,"N"
2043,1,0,1,"Y"
2055,0,0,0,"N"
2057,0,0,0,"N"
2073,0,0,0,"N"
2074,0,0,0,"N"
2076,0,0,0,"N"
2077,0,0,0,"N"
2078,0,0,0,"N"
2090,2,0,0,"Y"
2092,2,0,0,"Y"
2093,2,0,0,"Y"
2095,1,0,0,"Y"
2096,0,0,0,"N"
2100,0,0,0,"N"
2103,0,0,0,"N"
2105,0,0,0,"N"
2106,0,0,0,"N"
2107,0,0,0,"N"
2108,1,1,1,"Y"
2109,0,0,0,"N"
2110,0,0,0,"N"
2111,0,0,0,"N"
2114,0,0,0,"N"
2115,0,0,0,"N"
2118,1,1,1,"Y"
2119,1,1,1,"Y"
2138,2,2,2,"Y"
2145,0,0,0,"N"
2148,2,2,2,"Y"
2155,0,0,0,"N"
2178,0,0,0,"N"
2186,1,1,1,"Y"
2192,0,0,0,"N"
2193,2,2,2,"Y"
2196,1,1,1,"Y"
2199,1,1,1,"Y"
2200,0,1,0,"Y"
2201,1,1,1,"Y"
2203,1,1,1,"Y"
2208,0,0,0,"N"
2211,1,1,1,"Y"
2212,0,0,0,"N"
2216,0,0,0,"N"
2221,0,0,0,"N"
2222,1,1,1,"Y"
2224,0,0,0,"N"
2225,0,0,0,"N"
2228,0,0,0,"N"
2233,0,0,0,"N"
2236,0,0,0,"N"
2239,0,0,0,"N"
2240,0,0,0,"N"
2241,2,0,0,"Y"
2242,2,0,0,"Y"
2243,1,0,0,"Y"
2244,2,0,0,"Y"
2245,2,0,0,"Y"
2246,2,0,0,"Y"
2250,0,0,0,"N"
2273,1,0,0,"Y"
2277,0,0,0,"N"
2289,0,0,0,"N"
2291,0,0,0,"N"
2292,0,0,0,"N"
2293,0,0,0,"N"
2294,0,0,0,"N"
2298,0,0,0,"N"
2302,0,0,0,"N"
2303,0,0,0,"N"
2304,0,0,0,"N"
2306,0,0,0,"N"
2307,1,0,0,"Y"
2308,1,0,0,"Y"
2309,1,0,0,"Y"
2311,0,0,0,"N"
2312,2,0,0,"Y"
2313,0,0,0,"N"
2324,0,0,0,"N"
2325,0,0,0,"N"
2332,3,3,3,"Y"
2333,0,0,0,"N"
2334,0,0,0,"N"
2335,0,0,0,"N"
2338,1,1,1,"Y"
2339,0,0,0,"N"
2340,1,0,0,"Y"
2341,0,0,0,"N"
2342,1,0,0,"Y"
2343,0,0,0,"N"
2344,0,0,0,"N"
2345,0,0,0,"N"
2346,0,0,0,"N"
2347,0,0,0,"N"
2348,0,0,0,"N"
2349,0,0,0,"N"
2350,0,0,0,"N"
2351,0,0,0,"N"
2352,0,0,0,"N"
2353,0,0,0,"N"
2354,0,0,0,"N"
2355,0,0,0,"N"
2356,0,0,0,"N"
2357,0,0,0,"N"
2366,0,0,0,"N"
2369,0,0,0,"N"
2370,0,0,0,"N"
2371,1,0,0,"Y"
2373,3,0,1,"Y"
2376,1,0,0,"Y"
2379,1,0,0,"Y"
2380,0,0,0,"N"
2381,0,0,0,"N"
2386,0,0,0,"N"
2387,0,0,0,"N"
2388,3,0,1,"Y"
2389,1,0,0,"Y"
2391,1,0,0,"Y"
2392,3,0,1,"Y"
2393,1,0,1,"Y"
2394,3,0,1,"Y"
2395,2,1,1,"Y"
2397,0,0,0,"N"
2400,1,0,1,"Y"
2401,3,1,1,"Y"
2403,0,0,0,"N"
2404,1,0,1,"Y"
2406,0,0,0,"N"
2407,0,0,0,"N"
2408,0,0,0,"N"
2409,1,0,1,"Y"
2410,1,0,1,"Y"
2411,1,0,1,"Y"
2412,1,0,1,"Y"
2413,0,0,0,"N"
2414,1,0,1,"Y"
2415,0,0,0,"N"
2416,0,0,0,"N"
2417,0,0,0,"N"
2418,1,0,1,"Y"
2419,0,0,0,"N"
2420,0,0,0,"N"
2421,0,0,0,"N"
2422,1,1,1,"Y"
2423,1,1,1,"Y"
2424,1,0,0,"Y"
2426,1,0,1,"Y"
2428,1,0,0,"Y"
2429,0,0,0,"N"
2430,0,0,0,"N"
2431,0,0,0,"N"
2432,1,0,0,"Y"
2433,0,0,0,"N"
2434,1,0,0,"Y"
2435,0,0,0,"N"
2436,1,1,1,"Y"
2437,0,0,0,"N"
2438,0,0,0,"N"
2439,0,0,0,"N"
2440,1,1,1,"Y"
2441,1,1,1,"Y"
2442,1,1,1,"Y"
2443,0,0,0,"N"
2445,0,0,0,"N"
2446,1,1,1,"Y"
2447,0,0,0,"N"
2448,0,1,0,"Y"
2449,0,0,0,"N"
2450,1,1,1,"Y"
2451,0,0,0,"N"
2453,0,0,0,"N"
2455,1,0,0,"Y"
2456,1,0,0,"Y"
2460,0,0,0,"N"
2462,1,0,1,"Y"
2463,1,1,1,"Y"
2466,2,0,0,"Y"
2468,1,0,0,"Y"
2469,1,0,0,"Y"
2470,3,0,0,"Y"
2471,0,0,0,"N"
2472,0,0,0,"N"
2473,0,0,0,"N"
2474,0,0,0,"N"
2475,0,0,0,"N"
2476,1,1,0,"Y"
2477,1,1,1,"Y"
2481,0,0,0,"N"
2484,0,0,0,"N"
2485,0,0,0,"N"
2486,0,0,0,"N"
2487,0,0,0,"N"
2488,0,0,0,"N"
2489,0,0,0,"N"
2490,1,1,1,"Y"
2491,0,0,0,"N"
2492,0,0,0,"N"
2493,0,0,0,"N"
2494,0,0,0,"N"
2495,0,0,0,"N"
2496,0,0,0,"N"
2497,0,0,0,"N"
2498,0,0,0,"N"
2499,0,0,0,"N"
2500,0,0,0,"N"
2501,0,0,0,"N"
2503,0,0,0,"N"
2504,0,0,0,"N"
2505,0,0,0,"N"
2506,0,0,0,"N"
2508,0,0,0,"N"
2509,0,0,0,"N"
2510,0,0,0,"N"
2514,0,0,0,"N"
2515,0,0,0,"N"
2516,0,0,0,"N"
2517,0,0,0,"N"
2518,0,0,0,"N"
2519,0,0,0,"N"
2520,0,0,0,"N"
2521,0,0,0,"N"
2522,0,0,0,"N"
2525,0,0,0,"N"
2528,0,0,0,"N"
2529,0,0,0,"N"
2530,0,0,0,"N"
2531,0,0,0,"N"
2532,0,0,0,"N"
2533,0,0,0,"N"
2534,0,0,0,"N"
2536,0,0,0,"N"
2537,0,0,0,"N"
2538,0,0,0,"N"
2539,0,0,0,"N"
2540,0,0,0,"N"
2542,0,0,0,"N"
2543,0,0,0,"N"
2544,0,0,0,"N"
2545,0,0,0,"N"
2546,0,0,0,"N"
2547,0,0,0,"N"
2548,0,0,0,"N"
2549,0,0,0,"N"
2550,0,0,0,"N"
2551,0,0,0,"N"
2552,0,0,0,"N"
2553,0,0,0,"N"
2554,0,0,0,"N"
2555,0,0,0,"N"
2556,0,0,0,"N"
2557,0,0,0,"N"
2558,0,0,0,"N"
2559,0,0,0,"N"
2560,0,0,0,"N"
2561,0,0,0,"N"
2562,0,0,0,"N"
2563,0,0,0,"N"
2564,0,0,0,"N"
2565,0,0,0,"N"
2566,0,0,0,"N"
2567,0,0,0,"N"
2568,0,0,0,"N"
2569,0,0,0,"N"
2570,1,1,1,"Y"
2571,0,0,0,"N"
2572,0,0,0,"N"
2573,0,0,0,"N"
2575,0,0,0,"N"
2577,0,0,0,"N"
2599,0,0,0,"N"
2600,0,0,0,"N"
2601,0,0,0,"N"
2602,0,0,0,"N"
2603,0,0,0,"N"
2604,0,0,0,"N"
2605,0,0,0,"N"
2606,0,0,0,"N"
2608,0,0,0,"N"
2610,0,0,0,"N"
2612,0,0,0,"N"
2614,0,0,0,"N"
2615,2,0,0,"Y"
2616,2,0,0,"Y"
2617,0,0,0,"N"
2619,0,0,0,"N"
2620,0,0,0,"N"
2621,0,0,0,"N"
2622,0,0,0,"N"
2623,0,0,0,"N"
2624,0,0,0,"N"
2625,0,0,0,"N"
2626,0,0,0,"N"
2627,0,0,0,"N"
2635,0,0,0,"N"
2636,0,0,0,"N"
2637,0,0,0,"N"
2638,1,0,0,"Y"
2639,0,0,0,"N"
2640,0,0,0,"N"
2651,0,0,0,"N"
2652,0,0,0,"N"
2653,0,0,0,"N"
2655,1,0,0,"Y"
2657,0,0,0,"N"
2659,0,0,0,"N"
2661,0,0,0,"N"
2662,1,0,0,"Y"
2676,0,0,0,"N"
2677,1,0,0,"Y"
2678,1,0,0,"Y"
2680,0,0,0,"N"
2682,1,0,0,"Y"
2683,2,0,0,"Y"
2686,0,0,0,"N"
2687,0,0,0,"N"
2688,0,0,0,"N"
2689,2,0,0,"Y"
2690,1,0,0,"Y"
2691,0,0,0,"N"
2692,1,0,0,"Y"
2693,2,0,0,"Y"
2706,0,0,0,"N"
2708,0,0,0,"N"
2711,0,0,0,"N"
2713,0,0,0,"N"
2716,0,0,0,"N"
2736,0,0,0,"N"
2737,0,0,0,"N"
2738,0,0,0,"N"
2740,0,0,0,"N"
2741,0,0,0,"N"
2743,0,0,0,"N"
2744,1,0,0,"Y"
2745,1,0,0,"Y"
2746,0,0,0,"N"
2747,0,0,0,"N"
2752,0,0,0,"N"
2754,0,0,0,"N"
2755,0,0,0,"N"
2756,0,0,0,"N"
2757,0,0,0,"N"
2758,0,0,0,"N"
2759,0,0,0,"N"
2760,0,0,0,"N"
2762,0,0,0,"N"
2763,0,0,0,"N"
2764,0,0,0,"N"
2765,1,0,0,"Y"
2766,0,0,0,"N"
2767,1,0,0,"Y"
2769,1,0,0,"Y"
2798,0,0,0,"N"
2799,0,0,0,"N"
2800,0,0,0,"N"
2818,1,0,0,"Y"
2819,0,0,0,"N"
2826,0,0,0,"N"
2827,1,0,0,"Y"
2830,0,0,0,"N"
2831,0,0,0,"N"
2833,0,0,0,"N"
2834,0,0,0,"N"
2835,0,0,0,"N"
3403,2,0,0,"Y"
3416,0,0,0,"N"
3444,0,0,0,"N"
3455,1,0,0,"Y"
3492,0,0,0,"N"
3506,0,0,0,"N"
3507,0,0,0,"N"
3541,0,0,0,"N"
3542,1,0,0,"Y"
3545,0,0,0,"N"
3546,0,0,0,"N"
3547,0,0,0,"N"
3548,0,0,0,"N"
3549,1,0,0,"Y"
3550,0,0,0,"N"
3551,0,0,0,"N"
3552,0,0,0,"N"
3553,3,0,0,"Y"
3555,2,0,0,"Y"
3556,0,0,0,"N"
11485,0,0,0,"N"
11486,0,1,0,"Y"
11492,1,0,0,"Y"
11493,0,0,0,"N"
11494,0,0,0,"N"
11495,0,0,0,"N"
11496,1,0,0,"Y"
11497,1,0,0,"Y"
11498,0,0,0,"N"
11499,0,0,0,"N"
11500,0,0,0,"N"
11501,0,0,0,"N"
11502,0,0,0,"N"
11503,0,0,0,"N"
11504,0,0,0,"N"
11505,1,0,0,"Y"
11506,0,0,0,"N"
11507,0,0,0,"N"
11508,0,0,0,"N"
11509,0,0,0,"N"
11510,0,0,0,"N"
11511,0,0,0,"N"
11512,0,0,0,"N"
11513,0,0,0,"N"
11514,0,0,0,"N"
11515,0,0,0,"N"
11516,1,0,0,"Y"
11517,1,0,0,"Y"
11518,1,0,0,"Y"
11519,0,0,0,"N"
11520,0,0,0,"N"
11521,0,0,0,"N"
11522,0,0,0,"N"
11523,0,0,0,"N"
11524,0,0,0,"N"
11525,0,0,0,"N"
11526,1,0,0,"Y"
11527,0,0,0,"N"
11528,0,0,0,"N"
11529,0,0,0,"N"
11530,0,0,0,"N"
11531,1,0,0,"Y"
11532,0,0,0,"N"
11533,0,0,0,"N"
11534,0,0,0,"N"
11535,1,0,0,"Y"
11536,0,0,0,"N"
11537,0,0,0,"N"
11538,1,0,0,"Y"
11539,1,0,0,"Y"
11540,1,0,0,"Y"
11541,1,0,0,"Y"
11542,1,0,0,"Y"
11543,1,0,0,"Y"
11544,1,0,0,"Y"
11545,0,0,0,"N"
11546,0,0,0,"N"
11547,1,0,0,"Y"
11548,1,0,0,"Y"
11549,1,0,0,"Y"
11550,0,0,0,"N"
11551,0,0,0,"N"
11552,0,0,0,"N"
11553,1,0,0,"Y"
11554,1,0,0,"Y"
11555,1,0,0,"Y"
11556,1,0,0,"Y"
11557,0,0,0,"N"
11558,1,0,0,"Y"
11559,0,0,0,"N"
11560,1,0,0,"Y"
11561,0,0,0,"N"
11562,0,0,0,"N"
11563,0,0,0,"N"
11564,0,0,0,"N"
11565,0,0,0,"N"
11570,0,0,0,"N"
11571,0,0,0,"N"
11572,0,0,0,"N"
11573,0,0,0,"N"
11574,0,0,0,"N"
15948,1,0,0,"Y"
15949,1,0,0,"Y"
17212,0,0,0,"N"
17214,1,0,0,"Y"
17904,0,0,0,"N"
19719,0,0,0,"N"
19720,0,0,0,"N"
19722,0,0,0,"N"
19724,0,0,0,"N"
21574,0,0,0,"N"
23735,0,0,0,"N"
26767,0,0,0,"N"
26768,0,0,0,"N"
26769,0,0,0,"N"
26770,0,0,0,"N"
26771,0,0,0,"N"
26772,0,0,0,"N"
26774,0,0,0,"N"
26776,0,0,0,"N"
26777,0,0,0,"N"
26778,0,0,0,"N"
26805,0,0,0,"N"
26806,0,0,0,"N"
31897,0,0,0,"N"
33045,1,0,0,"Y"
54098,0,0,0,"N"
54099,0,0,0,"N"
54280,0,0,0,"N"
58217,0,0,0,"N"
501254,0,0,0,"N"
501255,0,0,0,"N"
1365386,1,0,0,"Y"
7990579,0,0,0,"N"
7990583,0,0,0,"N"
7990585,0,0,0,"N"
7990588,0,0,0,"N"
7990591,0,0,0,"N"
7990593,0,1,1,"Y"
7990596,0,0,0,"N"
7990598,3,4,3,"Y"
7990600,0,0,0,"N"
7990602,0,0,0,"N"
7990604,1,1,0,"Y"
7990607,0,0,0,"N"
7990609,0,0,0,"N"
7990611,0,3,1,"Y"
7990614,1,2,1,"Y"
7990617,0,0,0,"N"
7990619,0,0,0,"N"
7990621,0,0,0,"N"
7990623,0,0,0,"N"
7990627,0,0,0,"N"
7990630,0,0,0,"N"
7990632,0,0,0,"N"
7990634,0,0,0,"N"
7990639,0,0,0,"N"
7990641,0,0,0,"N"
719256264,1,0,0,"Y"
